split,method,rank,queries,query_fraction,anchors,interpolation_one_norm,surface_rmse,mean_infinity_error,mean_grid_regret,maximum_grid_regret,exact_decision_fraction,minimum_regret_bound_slack,regret_bound_covered
development,anchor_gated_residual,1,1,0.00390625,83,0.0,0.05044038221629749,0.10995470040486525,0.016034563378976522,0.31542956472925426,0.671875,0.0,1.0
development,salience_residual,1,1,0.00390625,83,0.9999999999999996,0.05748671562817653,0.19439652711210587,0.013438304855099895,0.057732974614485344,0.53125,0.12089964717473711,1.0
development,uniform_residual,1,1,0.00390625,83,0.9999999999999996,0.05748671562817653,0.19439652711210587,0.013438304855099895,0.057732974614485344,0.53125,0.12089964717473711,1.0
development,random_residual,1,1,0.00390625,59,2.2887355810536705,0.09317968776635992,0.3387826005539465,0.3457823964769724,0.4548408657058106,0.0,0.1962433145194437,1.0
development,salience_raw,1,1,0.00390625,85,0.9999999999999998,0.056350739169783545,0.18071395884178076,0.027464126869113474,0.057883998656390934,0.25,0.1565702967945487,1.0
development,anchor_gated_residual,2,2,0.0078125,83 211,0.0,0.038735990832224336,0.1046777030427892,0.0025734367620822932,0.036552631736270325,0.84375,0.0,1.0
development,salience_residual,2,2,0.0078125,83 211,1.08779984193538,0.03887177227523399,0.13252597389012383,0.0029699856636323033,0.0463415888622386,0.828125,0.08519438568257787,1.0
development,uniform_residual,2,2,0.0078125,83 211,1.08779984193538,0.03887177227523399,0.13252597389012383,0.0029699856636323033,0.0463415888622386,0.828125,0.08519438568257787,1.0
development,random_residual,2,2,0.0078125,59 216,27.59651949001492,0.0743594138388392,0.26016463229381914,0.07078486795036888,0.4548408657058106,0.28125,0.208002901185796,1.0
development,salience_raw,2,2,0.0078125,85 246,1.3627599262347112,0.05471580586543218,0.16064397538265052,0.027073192489974734,0.08330463819257106,0.09375,0.06941149247706235,1.0
development,anchor_gated_residual,3,3,0.01171875,83 211 246,0.0,0.031418269171521934,0.06646422581679255,0.00224996561900722,0.036552631736270325,0.84375,0.0,1.0
development,salience_residual,3,3,0.01171875,83 211 246,1.3124098019995145,0.0384476436498741,0.10928023817768698,0.008425839522871159,0.05058331427427054,0.6875,0.030548836846749916,1.0
development,uniform_residual,3,3,0.01171875,83 211 246,1.3124098019995145,0.0384476436498741,0.10928023817768698,0.008425839522871159,0.05058331427427054,0.6875,0.030548836846749916,1.0
development,random_residual,3,3,0.01171875,59 120 216,12.569808116560923,0.054120156968605705,0.1720978812132528,0.027464126869113474,0.057883998656390934,0.25,0.13901449588079517,1.0
development,salience_raw,3,3,0.01171875,85 246 197,1.6502408038801037,0.04331413582267305,0.10746723620040459,0.015122398566111915,0.08330463819257106,0.703125,0.07152039112370834,1.0
development,anchor_gated_residual,4,4,0.015625,83 211 246 23,0.0,0.031418269171521934,0.06646422581679254,0.00224996561900722,0.036552631736270325,0.84375,0.0,1.0
development,salience_residual,4,4,0.015625,83 211 246 23,2.5125440306574487,0.03316821098570764,0.09256963688670919,0.002245898337659825,0.036552631736270325,0.84375,0.021214587475451685,1.0
development,uniform_residual,4,4,0.015625,83 211 246 23,2.5125440306574487,0.03316821098570764,0.09256963688670919,0.002245898337659825,0.036552631736270325,0.84375,0.021214587475451685,1.0
development,random_residual,4,4,0.015625,59 120 164 216,31.453576183766817,0.11796263694151549,0.2932095729906693,0.10350366847159292,0.40053276506501967,0.34375,0.05342936637946083,1.0
development,salience_raw,4,4,0.015625,85 246 197 249,1.8571722476894539,0.03856278420298443,0.08988181851498542,0.005597161746205028,0.06778482590883472,0.75,0.018946653928914925,1.0
development,anchor_gated_residual,6,6,0.0234375,83 211 246 23 78 215,0.0,0.03141826917152194,0.06646422581679255,0.00224996561900722,0.036552631736270325,0.84375,0.0,1.0
development,salience_residual,6,6,0.0234375,83 211 246 23 78 215,2.817986353499229,0.0320032811855742,0.08335224895709499,0.00224996561900722,0.036552631736270325,0.84375,0.011742036455851035,1.0
development,uniform_residual,6,6,0.0234375,83 211 246 23 78 215,2.817986353499229,0.0320032811855742,0.08335224895709499,0.00224996561900722,0.036552631736270325,0.84375,0.011742036455851035,1.0
development,random_residual,6,6,0.0234375,59 120 153 164 192 216,23.739773912992074,0.02734509094016228,0.11607010644233122,0.021561118714224704,0.19925975654027395,0.734375,0.038631620951152135,1.0
development,salience_raw,6,6,0.0234375,85 246 197 249 215 218,2.420186302457728,0.03395274658026636,0.07748543763474439,0.01425655846934003,0.07738304318679667,0.71875,0.0031915254065841836,1.0
development,anchor_gated_residual,8,8,0.03125,83 211 246 23 78 215 190 234,0.0,0.03108302097425215,0.06663223973047626,0.002245898337659825,0.036552631736270325,0.84375,0.0,1.0
development,salience_residual,8,8,0.03125,83 211 246 23 78 215 190 234,2.9705506418250995,0.019840854347441934,0.058055846697053784,0.003041856300096518,0.0463415888622386,0.828125,0.004475566198065328,1.0
development,uniform_residual,8,8,0.03125,83 211 246 23 78 215 190 234,2.9705506418250995,0.019840854347441934,0.058055846697053784,0.003041856300096518,0.0463415888622386,0.828125,0.004475566198065328,1.0
development,random_residual,8,8,0.03125,39 59 120 153 164 192 216 227,25.229627863472867,0.022717024316066793,0.07410038084588993,0.0036830527604655144,0.0463415888622386,0.75,0.015023804714858757,1.0
development,salience_raw,8,8,0.03125,85 246 197 249 215 218 206 227,3.272127027457978,0.025051047434001047,0.06376765081038185,0.00646705593555418,0.0463415888622386,0.609375,0.0029144909067364555,1.0
development,anchor_gated_residual,12,12,0.046875,83 211 246 23 78 215 190 234 206 187 223 251,0.0,0.030927444148872895,0.0713997886736022,0.00224996561900722,0.036552631736270325,0.84375,0.0,1.0
development,salience_residual,12,12,0.046875,83 211 246 23 78 215 190 234 206 187 223 251,4.0140415250479835,0.019039959086684467,0.05181911496642161,0.004833716767683389,0.0463415888622386,0.671875,0.0022124087645437607,1.0
development,uniform_residual,12,12,0.046875,83 211 246 23 78 215 190 234 206 187 223 251,4.0140415250479835,0.019039959086684467,0.05181911496642161,0.004833716767683389,0.0463415888622386,0.671875,0.0022124087645437607,1.0
development,random_residual,12,12,0.046875,39 59 92 103 120 153 160 164 192 216 222 227,53.72867615367972,0.04028878853238723,0.10438525923389402,0.01792746060750225,0.14717234767037846,0.6875,0.006396699594168664,1.0
development,salience_raw,12,12,0.046875,85 246 197 249 215 218 206 227 253 118 170 87,5.533490522683264,0.02526810727316852,0.057679329311811245,0.0037705957830155516,0.0766514463767678,0.8125,0.0028084473180415293,1.0
development,anchor_gated_residual,16,16,0.0625,83 211 246 23 78 215 190 234 206 187 223 251 151 182 87 125,0.0,0.03141826917152194,0.06646422581679252,0.00224996561900722,0.036552631736270325,0.84375,0.0,1.0
development,salience_residual,16,16,0.0625,83 211 246 23 78 215 190 234 206 187 223 251 151 182 87 125,5.043022957752281,0.01803927477029382,0.0386837976878764,0.004228651327149094,0.0463415888622386,0.734375,0.0006414107975443173,1.0
development,uniform_residual,16,16,0.0625,83 211 246 23 78 215 190 234 206 187 223 251 151 182 87 125,5.043022957752281,0.01803927477029382,0.0386837976878764,0.004228651327149094,0.0463415888622386,0.734375,0.0006414107975443173,1.0
development,random_residual,16,16,0.0625,17 39 59 74 92 103 120 143 153 160 164 192 212 216 222 227,134.08658095926202,0.03400092169709356,0.08565544267184977,0.003755483652749655,0.04035525885227553,0.71875,0.005904236554812536,1.0
development,salience_raw,16,16,0.0625,85 246 197 249 215 218 206 227 253 118 170 87 182 223 187 126,5.661272093874886,0.025273631090226532,0.05218261760911313,0.004294164146539934,0.020729339673088654,0.671875,0.0008784871936531324,1.0
development,anchor_gated_residual,24,24,0.09375,83 211 246 23 78 215 190 234 206 187 223 251 151 182 87 125 249 147 103 91 174 219 171 253,0.0,0.03141826917152194,0.06646422581679252,0.00224996561900722,0.036552631736270325,0.84375,0.0,1.0
development,salience_residual,24,24,0.09375,83 211 246 23 78 215 190 234 206 187 223 251 151 182 87 125 249 147 103 91 174 219 171 253,9.244691030291818,0.021240339864732914,0.05238978959840955,0.004068386263501532,0.04035525885227553,0.84375,1.3717328254170269e-05,1.0
development,uniform_residual,24,24,0.09375,83 211 246 23 78 215 190 234 206 187 223 251 151 182 87 125 249 147 103 91 174 219 171 253,9.244691030291818,0.021240339864732914,0.05238978959840955,0.004068386263501532,0.04035525885227553,0.84375,1.3717328254170269e-05,1.0
development,random_residual,24,24,0.09375,8 17 33 39 59 74 79 80 89 92 103 120 143 153 160 164 192 210 212 213 216 222 227 246,735.180894316871,0.08699853870996638,0.24340304130769208,0.10729471750041303,0.36840007187285656,0.5625,8.125383829415966e-05,1.0
development,salience_raw,24,24,0.09375,85 246 197 249 215 218 206 227 253 118 170 87 182 223 187 126 150 221 11 190 175 91 251 235,9.160341513583493,0.015894061205077373,0.039794472693324076,0.0025635448130873883,0.018401803159410646,0.765625,3.2597467125583535e-07,1.0
development,anchor_gated_residual,32,32,0.125,83 211 246 23 78 215 190 234 206 187 223 251 151 182 87 125 249 147 103 91 174 219 171 253 231 102 95 110 227 178 89 100,0.0,0.030217735607060415,0.06673929385739757,0.00224996561900722,0.036552631736270325,0.84375,0.0,1.0
development,salience_residual,32,32,0.125,83 211 246 23 78 215 190 234 206 187 223 251 151 182 87 125 249 147 103 91 174 219 171 253 231 102 95 110 227 178 89 100,8.108613537598895,0.014162553595801094,0.03389076093636861,0.002727490221653762,0.04035525885227553,0.84375,8.881784197001252e-16,1.0
development,uniform_residual,32,32,0.125,83 211 246 23 78 215 190 234 206 187 223 251 151 182 87 125 249 147 103 91 174 219 171 253 231 102 95 110 227 178 89 100,8.108613537598895,0.014162553595801094,0.03389076093636861,0.002727490221653762,0.04035525885227553,0.84375,8.881784197001252e-16,1.0
development,random_residual,32,32,0.125,8 17 24 33 39 51 59 74 79 80 89 92 93 103 110 120 132 143 153 160 164 172 186 192 207 210 212 213 216 222 227 246,150.56975481798065,0.04351760899803704,0.11765766413120568,0.03498830398335262,0.2527823204404348,0.65625,2.4424906541753444e-15,1.0
development,salience_raw,32,32,0.125,85 246 197 249 215 218 206 227 253 118 170 87 182 223 187 126 150 221 11 190 175 91 251 235 231 84 209 105 247 138 121 186,7.901307253461618,0.013136035238641671,0.031051158541460733,0.0035352326102634137,0.020729339673088654,0.71875,1.5543122344752192e-15,1.0
confirmation,anchor_gated_residual,1,1,0.00390625,83,0.0,0.01800046165775492,0.019658874934625918,0.0,0.0,1.0,4.440892098500626e-16,1.0
confirmation,salience_residual,1,1,0.00390625,83,0.9999999999999996,0.04989391484704406,0.16836972159425206,0.0,0.0,1.0,0.24165079612129825,1.0
confirmation,uniform_residual,1,1,0.00390625,83,0.9999999999999996,0.04989391484704406,0.16836972159425206,0.0,0.0,1.0,0.24165079612129825,1.0
confirmation,random_residual,1,1,0.00390625,59,2.2887355810536705,0.0773985652662728,0.3159434772030211,0.35242504967818133,0.35751377314606797,0.0,0.2604993912384651,1.0
confirmation,salience_raw,1,1,0.00390625,85,0.9999999999999998,0.05058906211208388,0.1567685753404159,0.04917692671250613,0.057883998656390934,0.0,0.1601409979569156,1.0
confirmation,anchor_gated_residual,2,2,0.0078125,83 211,0.0,0.01800046165775492,0.019658874934625935,0.0,0.0,1.0,4.440892098500626e-16,1.0
confirmation,salience_residual,2,2,0.0078125,83 211,1.08779984193538,0.030036557559572536,0.0858656421802481,0.0,0.0,1.0,0.16374653726327892,1.0
confirmation,uniform_residual,2,2,0.0078125,83 211,1.08779984193538,0.030036557559572536,0.0858656421802481,0.0,0.0,1.0,0.16374653726327892,1.0
confirmation,random_residual,2,2,0.0078125,59 216,27.59651949001492,0.07106696647221732,0.2632947982422469,0.09328353128783066,0.11753604786368366,0.0,0.3919911652845396,1.0
confirmation,salience_raw,2,2,0.0078125,85 246,1.3627599262347112,0.049549898497457716,0.15100518388269174,0.021705112118327048,0.02574190978937385,0.0,0.17134052613086737,1.0
confirmation,anchor_gated_residual,3,3,0.01171875,83 211 246,0.0,0.00609507021109534,0.01130063923014522,0.0,0.0,1.0,4.440892098500626e-16,1.0
confirmation,salience_residual,3,3,0.01171875,83 211 246,1.3124098019995145,0.027485647950506058,0.07968630385753342,0.0,0.0,1.0,0.1508091478602127,1.0
confirmation,uniform_residual,3,3,0.01171875,83 211 246,1.3124098019995145,0.027485647950506058,0.07968630385753342,0.0,0.0,1.0,0.1508091478602127,1.0
confirmation,random_residual,3,3,0.01171875,59 120 216,12.569808116560923,0.05817964608070005,0.17555623187948333,0.04917692671250613,0.057883998656390934,0.0,0.24291286937230294,1.0
confirmation,salience_raw,3,3,0.01171875,85 246 197,1.6502408038801037,0.01667282484243607,0.045719420879736995,0.0,0.0,1.0,0.08082513465843189,1.0
confirmation,anchor_gated_residual,4,4,0.015625,83 211 246 23,0.0,0.00609507021109534,0.011300639230145206,0.0,0.0,1.0,4.440892098500626e-16,1.0
confirmation,salience_residual,4,4,0.015625,83 211 246 23,2.5125440306574487,0.01181141663859242,0.04596186930219652,0.0,0.0,1.0,0.07844610091626092,1.0
confirmation,uniform_residual,4,4,0.015625,83 211 246 23,2.5125440306574487,0.01181141663859242,0.04596186930219652,0.0,0.0,1.0,0.07844610091626092,1.0
confirmation,random_residual,4,4,0.015625,59 120 164 216,31.453576183766817,0.035459844651408834,0.10734993753720198,0.019823501373028428,0.057883998656390934,0.625,0.11543722637626286,1.0
confirmation,salience_raw,4,4,0.015625,85 246 197 249,1.8571722476894539,0.011821013901621937,0.034314557289897865,0.0,0.0,1.0,0.04371588516371405,1.0
confirmation,anchor_gated_residual,6,6,0.0234375,83 211 246 23 78 215,0.0,0.00609507021109534,0.011300639230145206,0.0,0.0,1.0,4.440892098500626e-16,1.0
confirmation,salience_residual,6,6,0.0234375,83 211 246 23 78 215,2.817986353499229,0.009601417323271015,0.029824576664357574,0.0,0.0,1.0,0.030892887880108022,1.0
confirmation,uniform_residual,6,6,0.0234375,83 211 246 23 78 215,2.817986353499229,0.009601417323271015,0.029824576664357574,0.0,0.0,1.0,0.030892887880108022,1.0
confirmation,random_residual,6,6,0.0234375,59 120 153 164 192 216,23.739773912992074,0.01850557176599239,0.07599040754850672,0.0,0.0,1.0,0.13523206876465954,1.0
confirmation,salience_raw,6,6,0.0234375,85 246 197 249 215 218,2.420186302457728,0.009610997664870563,0.02649624147393143,0.0,0.0,1.0,0.029372330530345492,1.0
confirmation,anchor_gated_residual,8,8,0.03125,83 211 246 23 78 215 190 234,0.0,0.00609507021109534,0.011300639230145189,0.0,0.0,1.0,4.440892098500626e-16,1.0
confirmation,salience_residual,8,8,0.03125,83 211 246 23 78 215 190 234,2.9705506418250995,0.00829447228455257,0.026812002419571726,0.0,0.0,1.0,0.028652310982677065,1.0
confirmation,uniform_residual,8,8,0.03125,83 211 246 23 78 215 190 234,2.9705506418250995,0.00829447228455257,0.026812002419571726,0.0,0.0,1.0,0.028652310982677065,1.0
confirmation,random_residual,8,8,0.03125,39 59 120 153 164 192 216 227,25.229627863472867,0.011380488175125143,0.039120908636344015,0.0,0.0,1.0,0.051749452584279654,1.0
confirmation,salience_raw,8,8,0.03125,85 246 197 249 215 218 206 227,3.272127027457978,0.008418591535431858,0.022295185976646564,0.0020724340308741,0.011052981497995384,0.8125,0.02441344281942537,1.0
confirmation,anchor_gated_residual,12,12,0.046875,83 211 246 23 78 215 190 234 206 187 223 251,0.0,0.0060950702110953315,0.011300639230145168,0.0,0.0,1.0,4.440892098500626e-16,1.0
confirmation,salience_residual,12,12,0.046875,83 211 246 23 78 215 190 234 206 187 223 251,4.0140415250479835,0.0038539342121354926,0.010416792271070903,0.0,0.0,1.0,0.007911378467803543,1.0
confirmation,uniform_residual,12,12,0.046875,83 211 246 23 78 215 190 234 206 187 223 251,4.0140415250479835,0.0038539342121354926,0.010416792271070903,0.0,0.0,1.0,0.007911378467803543,1.0
confirmation,random_residual,12,12,0.046875,39 59 92 103 120 153 160 164 192 216 222 227,53.72867615367972,0.006027786680456594,0.012142635231713467,0.0,0.0,1.0,0.0063966995941688864,1.0
confirmation,salience_raw,12,12,0.046875,85 246 197 249 215 218 206 227 253 118 170 87,5.533490522683264,0.0049383154053410224,0.008481295298690471,0.0,0.0,1.0,0.004548093593684355,1.0
confirmation,anchor_gated_residual,16,16,0.0625,83 211 246 23 78 215 190 234 206 187 223 251 151 182 87 125,0.0,0.0060950702110953315,0.011300639230145154,0.0,0.0,1.0,4.440892098500626e-16,1.0
confirmation,salience_residual,16,16,0.0625,83 211 246 23 78 215 190 234 206 187 223 251 151 182 87 125,5.043022957752281,0.0033936022123303333,0.007256155727025607,0.0,0.0,1.0,0.0021832547333667796,1.0
confirmation,uniform_residual,16,16,0.0625,83 211 246 23 78 215 190 234 206 187 223 251 151 182 87 125,5.043022957752281,0.0033936022123303333,0.007256155727025607,0.0,0.0,1.0,0.0021832547333667796,1.0
confirmation,random_residual,16,16,0.0625,17 39 59 74 92 103 120 143 153 160 164 192 212 216 222 227,134.08658095926202,0.0054297820296324885,0.01475002077189922,0.0,0.0,1.0,0.005904236554814091,1.0
confirmation,salience_raw,16,16,0.0625,85 246 197 249 215 218 206 227 253 118 170 87 182 223 187 126,5.661272093874886,0.005883139466795808,0.008238599771570671,0.0,0.0,1.0,0.0015849994325949357,1.0
confirmation,anchor_gated_residual,24,24,0.09375,83 211 246 23 78 215 190 234 206 187 223 251 151 182 87 125 249 147 103 91 174 219 171 253,0.0,0.0060950702110953315,0.011300639230145161,0.0,0.0,1.0,4.440892098500626e-16,1.0
confirmation,salience_residual,24,24,0.09375,83 211 246 23 78 215 190 234 206 187 223 251 151 182 87 125 249 147 103 91 174 219 171 253,9.244691030291818,0.003341385468199263,0.005500318668809422,0.0,0.0,1.0,1.3717328254170269e-05,1.0
confirmation,uniform_residual,24,24,0.09375,83 211 246 23 78 215 190 234 206 187 223 251 151 182 87 125 249 147 103 91 174 219 171 253,9.244691030291818,0.003341385468199263,0.005500318668809422,0.0,0.0,1.0,1.3717328254170269e-05,1.0
confirmation,random_residual,24,24,0.09375,8 17 33 39 59 74 79 80 89 92 103 120 143 153 160 164 192 210 212 213 216 222 227 246,735.180894316871,0.026235374012625788,0.06231709899567937,0.038436732662107585,0.20499590753124064,0.8125,8.125383830148714e-05,1.0
confirmation,salience_raw,24,24,0.09375,85 246 197 249 215 218 206 227 253 118 170 87 182 223 187 126 150 221 11 190 175 91 251 235,9.160341513583493,0.004297457893142644,0.008961807825147747,0.0,0.0,1.0,3.2597467125583535e-07,1.0
confirmation,anchor_gated_residual,32,32,0.125,83 211 246 23 78 215 190 234 206 187 223 251 151 182 87 125 249 147 103 91 174 219 171 253 231 102 95 110 227 178 89 100,0.0,0.0060950702110953315,0.011300639230145161,0.0,0.0,1.0,4.440892098500626e-16,1.0
confirmation,salience_residual,32,32,0.125,83 211 246 23 78 215 190 234 206 187 223 251 151 182 87 125 249 147 103 91 174 219 171 253 231 102 95 110 227 178 89 100,8.108613537598895,0.0031107853469632576,0.005199820185117814,0.0,0.0,1.0,9.992007221626409e-16,1.0
confirmation,uniform_residual,32,32,0.125,83 211 246 23 78 215 190 234 206 187 223 251 151 182 87 125 249 147 103 91 174 219 171 253 231 102 95 110 227 178 89 100,8.108613537598895,0.0031107853469632576,0.005199820185117814,0.0,0.0,1.0,9.992007221626409e-16,1.0
confirmation,random_residual,32,32,0.125,8 17 24 33 39 51 59 74 79 80 89 92 93 103 110 120 132 143 153 160 164 172 186 192 207 210 212 213 216 222 227 246,150.56975481798065,0.0049652079463714804,0.007831305859715837,0.0,0.0,1.0,2.4424906541753444e-15,1.0
confirmation,salience_raw,32,32,0.125,85 246 197 249 215 218 206 227 253 118 170 87 182 223 187 126 150 221 11 190 175 91 251 235 231 84 209 105 247 138 121 186,7.901307253461618,0.0030698184872463936,0.004656283978829719,0.0,0.0,1.0,1.7763568394002505e-15,1.0
